id,name,cpf
50a2d1c4-d788-4498-a6f7-dd75d4db588f,Stephanie Love,022.368.099-39
438005c2-dd1d-48aa-8bfd-7fb06851b5f8,Kristi Keller,456.834.011-10
5261268c-aa94-438a-921a-05efc0d414ac,Allison Oliver,834.182.657-42
f8486fce-bc07-4a4f-a6e9-ed6a06ba996c,Nancy Austin,755.280.841-92
341ed9b2-1760-4720-a1b1-42681d273c63,Christy Rios,290.176.281-08
2660b7ac-6c46-4392-8ddc-26194c532341,Michael Mendoza,440.127.340-37
7e52ce3f-191d-4d27-a0a8-76706fd6173c,Beverly Peters,173.886.883-22
0000bd8e-496c-42aa-9430-fea7f9bd6a96,Connie Harrison,445.467.794-63
3b47f466-5256-41a1-951c-efee13597676,Carly Harris,558.953.498-93
2480125c-2d37-405c-96b9-ca32b2c75b33,Russell Mitchell,976.238.729-96
69731d27-9caa-46cf-8933-d01e29b20043,Jacqueline Pineda,335.817.484-20
7d0a9ece-1d73-43ea-98e7-8bbe21e890ec,Anthony Murillo,303.421.967-29
861181e6-5d97-48a8-bbe4-226caa976140,Aaron Williams,686.246.922-28
cc1816db-c3dd-4c16-8ea7-18fe313472b9,Brittany Johnson,830.784.983-46
1bf35f99-4627-4c80-a5f8-0797538eaf54,Ashley Santiago,154.817.523-06
96f4e93c-c759-4fc7-b4a3-c8a153858bea,Lori Butler,826.006.847-69
6faa20a4-1e8f-43a8-9a45-33ae5f675190,Tyrone Ryan,067.522.727-15
5bbca380-854e-47a4-ae5c-fd631650a115,Joseph Mcintyre,114.643.546-57
84ee8f13-e5a2-4988-8f65-daa65801c5d1,Dylan Lopez,309.465.860-99
e4bced79-6e2c-4b22-a6d5-199ed87ca7ee,Michael Carter,368.023.514-00
3f1fc492-e8ed-4840-97a0-a56592fdc1d9,Yvonne Watson,742.193.223-93
3483e39a-260f-4974-9366-50c2d833307f,Melissa Lopez,970.792.079-47
0b4a904c-b6d7-4355-b1ff-3744b3831112,Nancy Hernandez MD,074.550.529-76
3c7a4cde-d92b-4d90-a731-9c0461ae8c90,Nicole Jackson,475.812.229-13
9ff834d1-4ca0-4dd5-bb53-ea96ad8611bb,Michael Williams,848.459.080-37
bbe9e834-7071-42d6-8970-aa7301b72ec2,Michael Cobb,791.720.496-39
a311b0c8-1b63-4405-8097-09a984512389,Ray Mitchell,491.143.323-61
24ea0325-a7d6-4388-b86c-7b51e5805b26,Timothy Waller,851.385.920-83
d6de888a-0aee-4f77-a7d4-daba8f0da415,Christopher Kim,596.772.763-64
3f3af4f6-a87b-4f03-8669-2e1a8e3c6d8b,Carlos Leon,820.538.073-49
5ed25035-4723-4154-823d-a8c8b4c02e51,Jacob Reeves,359.156.219-95
531465bc-638f-4adb-9b47-cf0c1dc55550,Daniel Small,294.422.274-03
d47a83f3-a765-4a20-b40c-e0993cf00e4f,Jasmine Murray,589.094.061-54
4b8b181e-668e-45d4-a8e3-7180a41cf064,Martin Barnes,592.221.201-70
6d91807a-84e4-47c1-8e47-925d52e0dd48,Mark Barnett,793.136.353-94
848485f0-198f-4efa-8335-707db71a7434,Kristin Mcintyre,482.156.258-07
90b6264d-1278-47c8-a418-6498aac365ba,Nichole Brown,659.500.399-82
18b69140-479d-44b6-8369-04a49414f975,Pamela Lane,065.766.307-10
4dc2aa9c-8633-4861-b795-5b285cf76a1f,Susan Castillo,234.579.028-95
1076f00e-5dd1-41d1-b2a5-0c59e18a5310,Shelly Benitez,346.732.837-91
9bac4be0-d703-4f1d-a088-1bdb362d3246,Scott Thompson,898.381.718-17
0872893c-bf01-4853-b91f-a1cc0263fedf,Stephanie Quinn,094.739.560-81
f5e8b3ff-659d-4bc9-bdc6-6b7fe343bcab,Amanda Johnson,196.217.712-16
1435b563-f156-4cd8-9f3d-6224260e26a4,Melissa Davis,149.836.657-10
fdd86eaf-7a5b-4598-9a08-6f4f207743bb,Dana Smith,549.577.405-85
b4413ac0-2fc9-4c91-b188-71c109d9be8f,Amy Wolf,869.694.901-03
2dbed2c3-1c68-4b90-a343-39b51de57b45,Rachel Watson,116.564.400-16
b0da7a9b-77d7-407d-8506-51705503fa05,Sean Koch,671.565.188-02
c5dde410-2c70-486e-bb0d-974b2798825b,Jessica Valdez,881.281.550-31
5d59a09d-7696-4e1b-a171-abe3b79fff2d,Tracy Gibbs,561.656.097-11
ddd9ed38-6351-4568-b08c-8f6c92cb84a8,Misty Lee,409.963.206-94
9368e74c-0581-4d77-9358-94e415a80423,Martha Pineda DDS,372.173.698-26
2609004e-90a8-450e-98f3-5ebc16841cd5,Joy Lam,927.465.797-57
3870073a-f764-4a2b-bc64-18e4569bf784,Elizabeth Shea,298.648.459-48
710200a9-2c6c-4f21-b3f1-3ed6aa684fa2,Janet Robles,434.493.167-73
43217606-3354-4bb8-b967-c358331d8375,Douglas Hill,479.299.975-34
a7cebb21-0f26-4834-8a09-e3269b21a77b,Emma Mitchell,649.003.857-43
05fae288-07c2-4e99-a945-fa3fbfa123ed,Rodney Berry,900.073.447-01
d9464bcd-0a19-4058-8fc1-bea843e6c339,Brittany Brown,234.622.890-68
847d46dd-9721-4351-8bef-5c2292b57d6f,Kelly Singh,736.757.468-00
1c4a9464-3e0e-45d2-9ca2-87c36b03f80b,Benjamin Bell,415.709.779-72
5a589b0f-69ac-4256-aea8-df379845f417,Johnny Ryan,944.924.631-59
47e4f30d-f965-45df-8474-93d5aeaf7cb2,Christian Fernandez,997.259.388-80
0688ed48-bbd7-41d6-b5ef-c2cd771f72c2,Todd Burton,585.523.144-16
28447ab4-5e16-465e-acd1-7fcacd2d97e2,Andrew Perez,565.982.097-22
d82c6a2f-7e02-40de-81c3-c42ef14d8460,Jerry Thompson II,406.964.380-60
013b644d-5645-44bd-8ca3-d7d254b2ba18,Keith Cook,483.261.667-26
66983396-cb40-4613-8d6d-306b8f9ca5c4,Alexander Burke,796.285.109-23
23c5eb35-05e9-4347-8854-ee86ec27393e,Nicholas Benson,042.933.826-21
a57c96be-0b7a-41c6-bd9a-9330e20c497a,Jessica Richard,094.605.844-60
f3feb7f9-9069-4fd7-be91-3800d1307935,Brittany Barrera,243.923.337-38
967d3e2d-8b15-4f43-a6b5-d1dd3934707d,Jeffrey Bailey,644.017.986-17
0d2974c5-d4de-4163-bf27-73d86a77b048,Jessica Lewis,028.533.306-05
dc634429-12c2-417d-b460-f3ed4903d539,John Lowe,218.415.962-21
2bdeb3b7-a894-4fcf-8218-e41167bc557e,Brian Johnson,450.178.503-25
84f816bd-12e2-4633-a419-fc80705977e6,Alicia Huerta,985.204.240-23
0bb6fcf3-0741-4179-af46-d26c45b77171,Angela Hebert,634.808.769-30
827eed18-8ab1-4e5d-ab00-5d8ac9bb168b,Larry Ward,737.372.329-54
9db0e79f-fdea-4290-ba7b-114141f33d1f,Katherine Odom,847.212.106-04
2a2c365a-ac9d-4106-a494-678e09ae412c,Tyler Henderson,036.542.021-82
a970776b-59ce-47ec-9e77-946229a8be45,Cheryl Campos,343.826.945-28
fd788ea1-7f9f-477b-b5fa-9a64962eb7f0,Brad Williamson,583.749.173-07
132425e2-d22d-43aa-a372-e3d9bfd77f8c,John Marshall,953.227.675-01
cee4269a-3771-43d9-adc4-762ba3bc1782,Alicia Clark,122.391.550-19
58491188-36e5-4fb3-ab3b-514e78a270a6,Brenda Miller,211.865.890-65
5fccc95a-c30f-4525-a4a6-43861baae99a,Karina Thompson,930.756.243-37
b27a07f1-ddf4-4134-9f7d-1b1ac869b110,Patrick Knight,806.993.375-88
16e8d4f8-2451-446f-a254-3bc68e40621b,Stacey Miller,920.948.374-28
2a0095cd-099e-45f3-a8ed-241dbe5cde18,William James,360.321.230-89
bbfdba43-2871-4e95-84d9-e2ff45960e7d,Christina Rollins,445.945.614-77
2030e11b-f809-402e-8a1e-00aa3cb751da,Aaron Wilson,221.405.558-82
c90ea8ef-05ef-4528-bb65-06a8180093d8,James Stuart,496.418.864-13
9d37a85b-84b4-486d-b852-fd896a50fbf6,Jessica James,498.292.867-19
92bac428-565b-4fba-a911-e9f3dc3c5ad8,Rodney Gonzalez,918.993.718-04
9aaa8391-995f-4006-8413-c590098fc46a,Joshua Mann,656.282.048-73
bacd6bed-844e-4650-8181-7f73dd1352e2,Kristin Frank,766.213.697-59
9eac28b8-2264-4e48-9c2c-b3f7384bc20a,Karen Sanchez,550.238.082-45
83967256-31c2-4fcb-a61d-2378ac6f1ad6,Jeffrey Love,568.514.942-60
3d2423f0-cecf-4060-b105-96b04f2ea442,Henry Zamora,748.284.393-51
ce73a9b8-27f8-4c9f-941c-4b99a646fb32,Kenneth Hudson DDS,380.849.980-49
76acc7d2-0fca-4530-89dd-39889b4f3bb3,Bruce Cole,662.358.725-90
40cff0ad-5c91-46bc-b72b-737347aafb25,Carrie Russell MD,388.760.317-47
4d6ee3e3-9ec6-4c2e-9552-a75af6d19f14,Aaron Gardner,649.997.274-66
94e0e084-e14c-4061-80da-7e6030bf14d5,Ryan Austin,150.797.580-08
5d5ea9b6-fefd-4e25-850a-9c2d365e7e27,Tracy Garcia,382.764.390-19
c6fb82d9-b6e6-445a-a3d3-0158405a9d16,Angela James,856.881.438-56
e6ef189a-76de-4ef5-ace2-676d69273e22,Wesley Jenkins,090.248.914-06
352810e9-e0fe-4062-a808-83f47ad5f4d4,Dylan Anderson,705.868.868-67
d31efffd-fdc4-4168-ac26-83b67a6c5c47,Derek Smith,245.144.570-63
fe2e9f59-c77b-4756-ad2e-fe864a560344,April Curtis,822.463.117-19
c9276a13-5b0f-4ce9-8802-3e0ead192508,Melody Wright,342.494.613-79
102e02b0-7f44-4058-881f-7896edc964b2,William Diaz,148.596.501-16
34a9dd73-95d0-45d9-a3fb-636e4e080a6c,Jonathan Anderson,746.699.930-30
cbda2de6-06db-4a9f-91af-cc36e8ba0bad,Wyatt Bates,894.536.120-08
5b2179c5-dd1c-45b4-b99c-10f1c7c201f4,Garrett Black,783.410.057-35
0206c59d-8464-4845-9680-9463df25efd9,Jose Fox,803.823.354-85
a792d50a-1570-450f-901a-c26bc3b4a9dd,Debra Wolf,479.692.344-89
117c9a65-4a4c-494f-8a54-64305d57c551,John Anthony,472.008.606-94
189edb91-3f25-4f32-bfb4-64bd4052cb1c,Tina Collins,439.876.631-91
2aee3fe5-2eb0-4391-bb79-d4d4ffdd9931,John Drake,248.105.833-23
3d0d96e7-a6da-4e11-a509-76b813d466f5,Alexis Cervantes,548.197.465-00
878f6e41-bcd7-4f18-aa89-90133272eafa,Patrick Thomas,535.315.279-01
f044be50-29c1-40c4-a16c-a1dd1f95d6f3,Keith Phillips,398.169.890-01
961b1333-d41e-443a-9880-0b1c8c59e141,Kyle Martin,491.680.106-72
41db9c8c-af73-46c6-b7aa-64cee86dbe41,Brad Hogan,012.941.947-62
72874237-a564-45ff-95cf-5fb3ab18e7c8,Katie Ruiz,841.082.024-05
612533b6-7eaf-45a2-b9d4-06192ce5620e,Ryan Byrd,758.789.954-21
4b761c33-8a8a-4dbe-a0d0-fa3261b391ee,Renee Gibson,721.984.112-47
b1554012-ee9c-477f-a055-e067482499a6,Mr. Matthew Meyer,315.978.995-70
9094466a-3714-44da-802d-85c2317b80e5,Joshua Gallagher,311.770.614-23
d1a4b7a2-e152-4377-ad2c-08cb61ad6688,Rachel Rodriguez,631.239.049-24
f84190e8-5c4a-4bec-be4d-2e554dd46614,Erik Gordon,431.630.281-71
8e104807-9dc2-4625-a1b7-9d858ddd96de,Michael Perez,454.316.009-82
99b2e147-d4f4-4a75-8f55-17304a277ed2,Sara Henderson,086.568.486-13
34ec60c6-4248-4ad1-8dd9-759b309578a4,Leah Estrada,285.743.458-71
f6722fed-e7e1-443f-84e8-a753dc7dcd63,Cameron Martin,926.220.085-80
faae2750-9c1c-4c70-96ed-e845374e4e5e,Roy Young,686.255.787-35
aece6b12-b296-4a1b-991c-ab89ac207fed,Ashley Franco,772.444.184-90
2ffdab76-6ec7-4dce-bd58-e9b2f6da991c,Jacqueline Morris,110.614.092-05
797a1a0b-31a6-4422-af8a-98fd4e5e1114,Justin Barrera,796.812.592-62
b2263d08-d05d-4240-a470-6fe31527b9d2,Kathleen Rice,090.485.823-98
bbc4757e-2351-486e-9ca8-f73b9dac716f,Barbara Pearson,186.198.150-79
07ef23e6-1d65-4721-a3ce-889f1c58f021,Wendy Bowman,147.007.060-17
534f7dee-6c8b-474d-b7be-41fa1dbbe93a,Jon Heath,448.542.924-86
2ba287a4-72ee-4028-bc13-39a65e78db4d,Melvin Ingram,235.348.904-00
49a962c3-f4f1-4c85-accc-a1e3a243a202,Larry Gilmore,489.040.875-53
b0382b3d-f5c4-4ecd-9e82-9ec911feb36a,Ronnie Anderson,969.303.862-42
7745384f-ccaa-4363-a18b-5e9ff0a824c0,Emily Barnes,085.390.689-58
4671e25f-30dd-4e69-bd9f-8b7f48135732,Matthew Chapman,926.552.023-67
723f776c-3ad0-4fa2-8177-a80f2cab59d9,Darryl Green,018.066.292-00
3cc240f8-bb78-4677-a387-18bb7667c3ea,Arthur Evans,187.019.062-41
7bfeca78-8e06-4644-9d0b-1470c32aa9e7,Dr. Maria Moreno MD,264.425.357-53
7d624fe1-d3a6-4326-a6e6-32ebc0c46ea9,Mark Mitchell,004.618.559-23
15b9a6ba-816d-4956-936f-2894eff8b72d,Casey Martinez,310.865.775-92
f285aab8-56d5-40ad-92f1-61b0a4498890,Andre Sanders,588.675.691-73
176aa5a0-a79f-4429-84fb-73d501c7e219,Charlene Robinson,128.980.840-80
b2664ec9-be42-46bd-9f6d-073a50105636,Dr. Shannon Carter,088.008.252-87
74b13d9f-159f-4adb-8b2c-a623d67b529e,Melissa Miller,188.120.636-62
71c65b56-3757-459a-ac5b-b50c76fb6a5e,Tanner Mullen,663.460.222-74
148d63de-77f4-461d-b3ca-5369e9a98e7b,Jennifer Garcia,301.234.927-91
5f31277a-2dcf-4273-81e3-312413596a23,Scott Reyes,402.789.515-86
96f16837-3562-4765-b8dc-ddd863a970f2,Angela Moyer,763.611.009-46
359ce707-dfea-41f8-be3e-8689b460486f,Ronnie Knight,478.835.306-49
be6fcaa5-9911-4bb6-b97c-47eb53c88b32,James Gardner,829.907.713-26
3d097c4e-dd09-4cfa-8460-39fd4fb8a1cc,Robin Vargas,730.648.369-14
1069ad16-5cc8-4f60-83a5-08e7e0beeb5c,Brendan Hawkins,115.124.381-04
4acffd44-9d77-4c09-afdb-e7f93ee5518b,Jennifer Richardson,269.216.433-94
e77008c8-b7e1-4bb6-93d8-8383d6385531,Michael Acosta,664.661.899-71
191feb1d-2def-4cbf-a8f8-ee3eb3856ea2,Adam Rowe,026.923.488-11
cfefbf12-9a5a-4d61-a708-d92f785af097,Julie Taylor,506.397.656-43
1095b08b-dad8-473d-9ec9-bafeb20e71c9,Tamara Hinton,983.268.359-36
b0cab1cc-6689-4922-a78f-5c6e1c458cd1,Alex Taylor,004.415.361-73
ff4e2ef5-4f72-41f4-90ea-4f40665b9f5b,Andrew Serrano,880.706.743-56
e2141773-bfb8-4698-a4da-2be4540c14a5,Micheal Ross,212.663.279-35
e9647282-4e31-40a7-a07e-5d10cd7e447a,Anne Jackson,235.805.607-21
6a0e8a99-d39a-4600-9876-1344b693450f,Amy Andrade,111.151.112-30
ea224baf-b892-4ba2-b9f3-d14cc512820c,Christopher Cooper,444.053.368-62
1233e680-06d7-4b38-8c6e-796ef158556a,Chad Walsh,183.389.165-43
3810f8e6-9278-4c26-9be0-d6d6c35fe477,Ashley Mcdaniel,340.907.428-43
ffd40778-a37e-453c-81d1-9a769cac4692,Shannon Alexander,936.369.569-26
8ebb4b7d-ed19-43be-a647-6c3a9a6a166a,David Mann,148.557.496-29
e0cbd2e1-eee7-409c-9cf1-707eb4f867ce,Christopher Torres,663.097.068-65
d285a28f-6fa3-4c70-9469-73e7fe1787ae,Elizabeth Ryan DVM,166.591.344-08
77b903b9-c97e-44ae-8274-9dea7b101277,Christine Gonzales,321.948.008-08
953ad96a-103b-4460-a3b5-14b78403eb5d,Lindsey Hunter,841.591.270-59
875e080f-6237-421c-b26b-433b3b0c6584,Dr. Matthew Hancock,992.376.181-24
400ec64f-461d-45c5-b45e-b5c8dc21b4e1,Sara Valentine,317.417.939-79
d23755ac-d315-4dfd-ae80-4fa042f7d833,John Brewer,309.872.139-65
47334d60-a9ec-4cf6-8af3-a2d030a6062f,Ryan Carpenter,944.052.036-58
2a26f327-c9ef-40f4-bb8c-c809417caad1,Danny Walker,700.780.038-48
f1c35457-d11b-4726-ae58-b98a09167675,Sarah Harris,836.559.614-13
3f13d579-3df8-478c-b978-eec7255facfa,Richard Lee,346.480.334-13
40353a67-5df0-44ca-9c10-b42fab44c6f3,Robert Skinner,399.895.230-71
baa48fe5-b7a4-4ea7-8eaf-5387ded157f7,Tracy Santiago MD,333.553.863-39
899ea741-e615-4f9e-ad30-286f6f306f00,Mr. Jeremy Cameron,386.344.047-96
0a42e609-2a53-4824-bf02-0088bdb9b149,Sharon Sawyer,973.680.124-18
5f8c9b91-24ee-43a2-b758-fece4c2fd787,Richard Holloway,149.581.147-50
46d24c86-1a31-430e-b1c4-1f4d8632c5ee,Glen King,576.053.013-66
143944c0-b4d0-48f7-ac1f-6ffaeff64a70,Lydia Khan,516.099.955-30
b69dd468-7a0d-45e5-951c-ead1fcda2225,David Cooper DDS,756.454.497-11
a5781cf5-d32e-4370-b0f8-4f229bc0efa4,Madison Davis,506.434.604-35
0db82818-585b-4e3f-9898-2a72727c2e42,Mary Pacheco,036.685.736-24
cec4dd97-5c6e-415b-ba06-47dc8ef4570f,Terry Rice,013.426.770-68
b418aed1-0951-4085-9fe4-e750e7fe45f9,Peter Ross,962.703.891-59
b4cc95b0-6dbf-4264-a3ef-43fbbadf652a,Devin Clayton,800.181.262-61
19a47a26-3ca3-42d2-9e2d-8da79f09b587,Suzanne Farley,318.118.173-89
7528c8de-b892-4894-8892-94a29730aa9c,Andrea Moore,756.814.855-54
1826e2e6-ccef-4719-8707-4c18ec953356,Misty Reed,328.908.786-10
5daa5d95-314b-4f5e-8926-8d61c9d4daa1,Mr. Adam Carey,792.644.522-70
d224c314-09b4-49c7-9490-53d3247615d2,Julie Dixon,508.140.828-55
15aeedcc-eed4-453e-850c-7f876e54c4ab,Robert Lang,957.286.884-24
ac4632eb-3a22-4956-896e-0a3899a647f1,Deborah Page,006.762.501-13
890861ac-5e77-4568-aaff-807b37e6f872,Caitlyn Hill,196.414.798-64
f7989645-3a12-42f6-a926-2a7388aeb297,Stacy Ibarra,809.344.943-52
3bfe5d2b-8ab3-473f-b56c-cdd86fff8877,Martin Cook,755.177.644-78
bbce772f-b9b7-49f2-b79e-fa5d953ced6b,Debbie Lopez,002.280.724-24
5da6ee93-0365-4464-849c-cba666614c05,Christina Roberts,908.940.690-00
f4c4994a-5a77-4a2f-902b-4f69c22ccee3,Melissa Roberts,268.287.197-47
19fee9df-73a9-41e9-9777-18d2a79ab8b4,Amy Garcia,496.192.619-05
d6cf7caa-9dd8-48c6-b4ee-5a02f62bb280,David Webb,355.395.698-77
04edb858-b8d9-455a-a1f2-f236df11a91f,Curtis Moore,693.668.093-15
94a6d963-227a-4d07-92a6-0bb60ebd66e6,Ann Yoder,809.260.319-71
627b564c-f368-4634-b7f8-d7e1c5ee980a,David Leonard,882.201.569-54
72492cee-bfcb-4501-9a63-5afe45f5215a,Crystal Mendez,871.041.512-30
bb0bc182-b8f7-4f26-b794-dca522dd4cec,Christina Ramirez,461.004.392-95
387603c1-d2a6-475e-ab4c-9ba7aa78bb27,James Thomas,919.807.944-41
125d87d5-a36a-4f4e-865c-3122386e88ca,Dale Berry,676.543.446-98
bde10f4a-86e5-45d2-b176-3ec1222265c1,Vincent Clark,884.754.726-01
ead66f31-3437-42c5-9145-8281898ce326,Rachael Hobbs,518.868.999-67
b91c4cbb-67d6-4515-b897-dd13e44c1101,Michelle White,537.750.867-49
adf0d9db-c6a0-4226-a93f-30482ccd9d28,Donald Thomas,959.713.283-55
34a7e239-a098-4105-a6ab-b1a2c1c1c160,Jay Haley,655.302.065-53
438d7ce2-8d55-49cd-ab64-d781e25abb9e,Debra Simmons,953.268.708-34
36df5a68-777a-4824-9342-f7f557e872ba,Kimberly Barnes,324.142.418-47
ed7f8737-2c99-408f-afd0-f91c740e414c,Sarah Ross,485.722.145-12
a1be3ec3-e6d6-43ba-8011-02ffe7491e78,Jeffery Harrison,324.859.854-86
848c50eb-5e2a-4b53-b6b9-751bfad107b7,Cynthia Owens,616.087.926-85
017413ff-58e5-4097-93e6-84f98038b20b,Angela Stephens,289.286.878-26
367f1e9a-938e-4d15-8ec1-50ce91fef6ce,Virginia James,897.249.396-97
fa08fd03-3569-400d-9d63-e8ae15712195,Cody Gonzalez,828.571.715-21
52ecad80-29ad-4b94-8e45-82007ac63dba,Emily Anderson,038.950.151-16
ff29ece6-95da-4800-acd2-b14950a339dd,Melissa Sanders,778.424.930-44
03a59f85-596f-4b87-9ab3-5f1a84f37beb,Samuel Washington,540.975.310-71
53dda453-796e-4167-b482-7449bd52694f,Tanya Anderson,502.346.185-73
f35eb7b6-1b25-433b-90b5-29212b72f6e2,Brittany Reed,576.644.371-86
28a5a7b8-b34b-47a6-91f7-8e384d6b6f59,Mark Jenkins,220.506.761-78
3f78077b-93c7-4c4e-8976-f16cb11cfcfc,Brenda Kent,392.785.077-95
efc6a229-f984-41c8-b741-83d9a46c5fd1,Jay Cruz,739.039.336-31
8f40d15b-7ab5-4fdb-b9a0-767514af456f,Karen Obrien,841.704.495-46
41653b96-0020-4b26-86da-cb8f9aac99a0,Heather Gomez MD,400.671.659-83
2dc965e2-d3fc-4bc8-a118-d1636dbfe8c5,Sarah Thomas,273.347.654-40
2ef9867e-e76c-4d07-8089-7935ba03ca03,Ashley Bradley,220.755.118-40
6bb3949d-b446-4beb-bcc9-01846e7ef85f,Nicole Martin,370.649.020-74
04b679f3-0691-47bc-975a-fdac41f52db4,Matthew Grant,352.092.488-39
4b503eb1-da2e-4115-8f64-b4dc888db448,Joshua Wells,320.672.625-90
90249383-3427-4005-a185-d20f5542dae5,Christopher Villa,124.794.441-85
058a019d-da8d-434a-8e8b-621c3b214928,Danielle Weaver,309.238.056-65
598904ac-fa48-43af-8fe9-41388451ae53,Debra Hall,267.043.800-91
2068f48f-4c39-4084-81d1-95af149d8547,Sharon Sims,475.667.735-03
dec2b1be-3447-4044-b4e3-17848dfd390e,Diane Marshall,298.798.293-69
6b9cd81e-126c-4c53-b6b5-575d78951256,Andrea Randall,696.541.185-94
0e7b96a0-3300-42a0-b46a-0376d91610eb,Tammy Watson,363.697.693-46
33a6f9f2-9265-47a5-ab40-37c29c87ed07,George Moore,581.850.306-00
3fa371d4-77dd-4e91-9a2f-86801b001903,Diane Davis,827.718.529-38
2977486c-8467-4a72-a290-db87a9022320,Michael Walker,945.065.225-44
2251b079-d6df-4d71-bd74-d2a00e841a9d,Jonathan Bennett,579.760.416-66
26b9f21d-cabb-40f3-b28e-71549d01a6e1,Lynn Ramirez,955.576.136-60
1fcec697-8153-4717-a361-5a4257e0c9b7,Courtney James,342.209.630-75
d477b62b-46ba-4eaa-a26a-8e3d43ea5a28,Kelsey Miller,858.667.115-78
55ae024c-4a5e-49d8-be84-2f493dc83880,Christopher Schmidt,887.086.312-53
71972ade-a5de-461b-aac8-49774ccb1a4a,Casey Barnes,747.389.040-59
a6e1b4c7-24c0-48ca-96ee-6d0a46348a82,Michael Baker Jr.,625.573.078-50
bab8979a-8cd9-477b-bbd7-2e1dbab88437,Dawn Williams,326.538.823-70
b8ccafb8-eae9-4e35-beb2-afbc3cb9690c,Zachary Holland MD,458.601.795-97
f24f29fa-33e9-41e2-8965-ac4e39be3919,Amber Lopez,109.684.566-53
59292cdf-6314-4444-aee9-45a78c76dcbe,Paige Lawson,431.959.337-41
47ac22ab-9718-46c4-ac3b-e6473f31a413,Nicholas Mcdowell,948.904.586-50
af16d888-ff4c-4c16-a2f8-9e2a3a9677c7,Jeffrey Gutierrez,256.490.445-76
7bd64d99-cfe2-4e61-aed9-8b6f3d410468,Kaitlin Hall,937.633.945-71
2aaf9fc4-0801-4163-8cc8-39558682f704,Maria Cherry,793.632.747-27
7e06ea60-a336-46ee-a77d-ca114267af0d,Alyssa Riddle,277.783.821-81
8aff4c2d-48b5-4b85-bf21-20ad95d18b6c,George Farrell,042.905.372-63
13ae1187-ebff-4588-bbf0-db26b1bbb598,Richard Cannon,378.831.407-78
b4eb2e6a-e0ab-46b4-8a7a-cb2e92d8e009,Erin Baker,178.806.372-07
167ce993-af12-4071-a5cb-fb3f09045741,Jennifer Singh,712.803.926-11
358fc32a-8446-4c62-b4a1-92b145a689e8,Erin Lucas,168.731.701-36
8cef9627-37e9-4bad-a5d7-69f87f291c90,Matthew Stewart,535.695.185-81
8d5d45b6-2bf0-4380-85a0-b73fcbc86e94,William Valenzuela,943.549.248-38
43317971-4c76-44db-9b97-011579286ea5,Christopher Hall,312.303.938-95
ef7f92e8-2f80-4e44-9e56-9ee276819791,Shelby Gonzalez,856.156.927-89
6d24a27b-89f9-4e69-8c83-6f87ce5b6d33,Erik Mason,057.475.011-00
e8e92a9f-bec3-4873-951c-b05d0fe37715,Natasha Wright,547.055.239-33
7b971d80-7566-4bfa-93b7-b87270c4b732,Arthur Mendoza,858.149.190-33
d5e5a6a6-cb8d-4d62-8551-298dee7f1f9f,Gregory Werner,034.902.334-83
6058494e-8390-41a7-9c1b-182902dda8db,Stephanie Williams,959.335.751-94
09a354a5-a7cb-4687-8a52-c4a71feba0d2,Frederick Wiggins,440.910.340-18
64fec69e-52e2-471f-9fbc-7a8e33f991bd,Stephen Archer,785.870.819-18
0327ed4c-b4a3-4746-9221-3bb172a05c50,Justin Duarte,182.941.459-86
35bb651c-499f-433f-b5af-b793b285e727,Jesse Moore,843.180.175-28
e6e0c2ef-00b6-4d38-a129-32d4aa4e795d,Derek Cox,361.013.290-41
1fcfe435-1e78-4646-a517-19906c49735a,Deanna Torres,366.771.535-75
bd463573-d217-4411-9ac0-8b72bd7609cd,Nicole Curtis,785.386.782-54
3f5140d0-d9ef-4655-a6ab-69e5e6921143,Christian Mathis,770.143.059-25
e039c2ef-fe4c-4d60-97ee-99d043299f0e,Scott Chaney,354.570.194-84
72fd6924-b954-4c8f-9c0b-2545d0efe53b,John Hughes,390.858.894-01
ae6e644d-c310-4f23-84dc-5063fc2e2953,Kimberly Jackson,609.381.728-54
341da637-6927-4a64-8183-13ec96005b5f,Carlos Bass Jr.,522.370.006-91
3455f0ff-3219-4cd9-acd8-091f34518293,Chris Graves,779.495.798-78
40c4aa0f-6d19-4084-820c-5764f87d9184,Alexandria Jarvis,182.907.909-31
257291a7-c562-45b7-9229-49a527229518,Traci Landry,286.128.118-86
795d2b23-6186-4d66-beb4-690083c579a2,Matthew Dawson,360.677.008-23
0f8ab48c-b1fa-4600-9712-1bc2a02d8f45,Elizabeth Montgomery,690.908.013-55
22a4c19e-c3ff-455d-8a3b-d4a9bd6b8334,Victor Ramos,943.882.108-94
13b24541-2c78-41cb-a6b6-e8713ab9a16f,Bethany Baker,047.850.684-48
5d24b6bc-2eea-4766-a11d-b0aed43f038a,Cameron Smith,787.777.060-03
b5b5a474-4e05-47bf-b9a2-872e5dc9a328,Dwayne Johnson,708.594.572-59
9c98b2d4-f4f3-440f-b28d-0e1ca7a152a5,Jacob Brown,306.713.350-65
c64e9b29-2c3f-4a02-bf80-175c5a980c92,Pamela Smith,960.202.659-91
4cd79f83-9fc7-43e4-a4c1-89402b7124e1,John Price,913.764.051-17
f78c30cb-fcda-4209-9aea-0ae7ce4f7b81,Alyssa Martinez,058.022.290-64
5bc5dd9e-3670-4c84-be25-41eace68a711,Erin Flores PhD,226.448.120-25
a0f290f7-884a-4d5d-b502-f43702abb2db,Rhonda Gomez,208.392.157-01
9ede5407-362e-465c-a234-482e1f2411c1,Heidi Randall,152.072.662-79
ab833d6f-87cf-4229-a1f8-707b52a55e5e,Luis Francis,940.377.819-97
66dda3b2-66cf-4b2b-90b2-91abe28f6aa4,Stephanie Williams,100.792.444-45
b6552330-9932-4624-8855-b5b7aa13d3f4,Ann Morris,899.922.859-09
7532eee7-0f38-4249-9459-e40b83d75db2,George Bennett,039.431.905-14
9455079c-4344-4995-939d-8184d7eb02e7,Douglas Shelton,993.347.717-23
8beae791-1455-41dd-a451-67f75ee83ea7,Michael Conner,969.278.428-71
cb969dd8-a609-4b10-b213-d1011a90ef2b,Theodore Anderson,809.344.267-39
771f8441-b432-4b8a-8f8c-8890904c8a52,Kayla Brooks,622.561.067-20
5350fafc-45eb-4871-a195-d1cc090f9d9c,Christopher Graham,496.761.822-06
d88e53e9-6885-44c1-a0ce-e8ea44f2dcfc,Nicole Hall,230.808.379-53
8a77ab59-ae1e-4b71-ab66-66bda4615cfd,Amy Taylor,871.680.114-83
117583ee-3cd8-4690-89c9-d804aedc86a8,Carol Lee,648.068.363-77
0d0eb3cb-f3ad-4673-8ef1-3b4600242421,Mikayla Rivera,117.269.487-19
bea5ef1d-43b9-4df5-b3d1-436f675ec066,Daniel Cuevas,762.097.575-93
96e4788e-210c-4cc9-97f7-b6b855134e0b,Lori Williams,018.802.330-57
40da201b-b0f6-453a-97ca-b9d61306ad15,Brandon Parker,126.833.713-89
285bfea1-4dec-4f9d-a9f6-3b3cb20fdde9,Joshua Turner,402.081.458-29
a5f46489-06cf-45af-9efd-dbd27067716c,Brittany Turner,748.234.852-75
4ecae9d3-e8de-48eb-baf6-e76c81c58c66,Mr. Clayton Kramer,372.180.691-03
a98f640e-492a-445a-8a0d-7d444e98f1a9,Carrie Abbott,605.518.862-21
e50d93de-3e78-4f09-8406-df4f27f26c8f,Leslie Conner,902.549.883-48
10d7cb3c-5a86-4eae-9da6-611ddf67fdd8,Stephanie Hanna,551.348.716-18
c6abaffa-11df-4987-9806-71dced92f534,Elizabeth David,638.249.927-86
fe1ef2c8-17e9-4560-bca8-d42ce43d899f,James Jordan,608.429.478-13
71ed3bfb-d094-47b4-bd02-9589f31e4c1d,Kyle Jones,170.867.355-79
3e28e5b6-fe21-474e-b5bc-95ac85c187ad,Rebecca Torres,676.783.234-60
0a34659d-f0b2-4bdb-bf92-759aea838e90,Edward Bush,139.047.852-93
b0581066-18c7-4fcf-8fa6-a671cb141ca5,Richard Li,510.083.007-63
e0df02ff-f788-4191-9881-df0d6c775206,Todd Cook,779.810.776-60
e8da2040-0489-4880-a881-ef127727f204,Natalie Hatfield,730.423.628-57
c50959f1-d990-44ff-837f-4062c769ae54,Megan Sharp,817.584.658-78
b01b46fd-8f75-4db5-806d-c5c5980008c4,Paul Gomez,311.085.313-09
53ed5bac-fa7d-4b1d-a73c-6c2b9845c1d1,Ryan Garcia,471.131.395-11
89c10b53-36ee-4f1c-8430-7090dbf04a44,Courtney Martinez,237.063.159-70
8fd99d74-d73b-4014-a8fa-a37b39befe36,Manuel Mooney,874.958.954-12
fa2a460e-af12-4197-b38d-d2822d96e879,Douglas Coffey,455.255.167-13
4a81b4c3-9e04-4757-a7c6-3191447eadc3,Holly Walker,946.051.882-82
9adbebb4-c5dd-473e-b0ca-c36f10577392,Amanda Fowler,998.641.663-30
d64805ac-2294-4438-af7d-1f1483e8fd7b,Cassandra Torres,773.874.436-47
18e7baeb-a66e-4a7d-882d-355810698bc3,Brian Bradford,200.607.482-24
ec4bebdf-042b-4c0a-9846-f86a1a9685e9,Tricia Garcia,150.378.411-19
e5873f83-602d-4424-9c5e-184c56c9d4ba,Rebecca Roberson,480.836.376-15
5bf14829-99bd-4d3c-b504-edd1e45593a0,Henry Harris,627.852.366-07
a3c5ffdb-8383-4846-a0c1-c9bf88ba6832,Charles Allen,385.236.749-52
c502b1f4-b287-444d-b643-953150ebee0d,Daniel Greer,419.482.548-81
a2388294-855e-4447-a3d5-b3649380d30e,Paul Perez,722.893.541-20
e9415456-41d5-4caa-84d2-e8a6d49cb1ae,Christopher Benitez,868.273.345-72
416cd82a-8e13-48b3-a6e1-dadbf5a29d2d,Kathleen Lucas,173.800.164-63
f9c2b37f-2e88-4008-a277-99f35c4760bf,John Phillips,698.958.645-54
3207b0f3-9af4-4ba4-acb1-6ba8ea25f52e,Kevin Arroyo,304.499.205-73
425be648-8195-4636-880e-d86e4cd8e38f,Angela Roberson,503.733.476-47
4ba45839-9bf9-4071-b1ca-52719a49c9fa,Heather Ferguson,854.859.962-36
80968676-93cd-4bf5-a9f9-595055ff800a,Dr. Ryan Wright,132.557.444-52
3b0faafa-80d0-490d-bdd0-fe1f13d22058,Victoria Terrell,588.526.771-61
c052cca8-a71b-4e49-b713-c012bcfce146,Noah Jones,195.022.857-99
b08f3b44-9c9f-407f-a89d-961068f5f58c,Erin King,450.145.247-83
aa0533fd-252b-49cb-8070-77b5c88b04ee,Sandra Myers,273.751.947-62
863114b5-ba0b-4849-bbc4-d76d59fd0215,Gregory Moore,413.120.392-76
4b14013f-d7e7-44b8-a287-329bf6e298c3,Patricia Williamson,451.501.538-19
b30877a4-5c8f-4cdb-94ea-3569b516061a,Melissa Wilkinson,654.732.896-79
355d89d9-bf5a-41df-9382-a5e57cbbbec4,Reginald Smith,792.995.808-76
8fe1e8f7-9891-4978-ae6c-34234f35c728,Paula Garcia,530.489.535-99
53352c2c-02b9-41af-b276-94d6d22379fe,Dana Wolfe,392.324.714-39
019bbbbd-bb75-49d2-8d74-d1c01012bd21,David Nguyen,283.877.048-17
d45ce04e-1258-4744-ab7d-af982c28565d,Jordan Mccullough,132.333.008-58
7755a749-3460-4f0c-a33c-428dccd20885,Shannon Baker,341.817.419-25
0f708081-5838-40db-84a9-ca8b6845336f,Monica Bender,923.666.353-27
ce69d742-4723-467f-9e5d-262fff84a6a6,Jeffrey Cannon,943.332.679-86
913a8985-53b2-4a69-b2a2-3e44370275d4,Jason Rodriguez,991.477.472-17
cc6e430a-d0ba-4c08-8809-84cbb2347a9f,Alec Ayala,848.791.990-10
5f2b73d5-f495-401c-82ee-47cf4886bfa2,Matthew Harper,462.320.877-62
e7e3f8e8-5e9a-4cea-90ea-8ba71ec98685,Michelle Tran,890.871.056-94
7902cccb-bb75-45ac-92b3-688e65d231bb,Kimberly Coleman,700.263.651-14
b81636bb-71f3-4ace-8eb7-628abe1eac07,Heather Mason,054.522.341-04
b66b0e13-b74e-40e7-b3e7-1583f2f08a9b,Samantha Coleman,362.087.700-58
b65fff66-1997-4dd8-bc91-1349a415e4a0,Madeline Smith,641.693.548-78
05e61dfb-4365-41c3-8f86-f9b259998765,Nancy Jackson,881.682.112-33
31006b42-8446-43cf-bd23-af4d84ca2c85,Susan Odom,571.350.851-72
8f06b288-f9eb-454f-adef-47f12b7572d7,Megan Baker,554.322.176-70
d18e4429-67b8-4ac0-8d74-6c1d026d15a7,Adam Roberts,884.610.203-18
83864095-dda9-4a16-ab3a-ba6429fa3dbd,Sarah Robertson,666.269.576-29
45ed3c5a-3c94-463b-91d2-73d3333fe5fc,James Calderon,208.291.786-54
68f7b3c8-c205-42bc-bb75-a97603ceab5f,Jerry Kelly,767.378.026-47
5a62f2b9-646a-4b84-b570-661ca33a139f,Norman Martin,187.807.910-43
89c8f0cc-3bd3-4bf1-9560-ae8aad1315ce,Douglas Brown,756.395.147-39
8e5c2f29-44ce-4f60-b818-8b728f60b79b,Brendan Rodriguez,117.619.096-68
fd9f1577-416e-472f-aad7-7bd5c56293f5,Emily Dunlap,528.140.700-88
f459a5e8-b280-49fd-904a-3cd3746f4f16,Kristen Jacobs,806.597.477-19
9813cce1-ec92-4b06-b6e3-ed8a73e34436,Jill Reynolds,291.749.244-02
4d9a6ab4-f181-4f8c-9beb-e4cd9774b5d7,Wyatt Carter,009.307.261-79
d6914b8f-0d72-4044-a61b-055adb02f005,Robert Allen,484.019.996-02
c9750567-c933-4797-9313-ec159ddcb6d2,Steven Huang,565.024.114-88
4232e434-92ef-4ff9-a069-d1e5312ebda2,Steven Carter,714.188.500-83
06a161e4-302f-4ae9-b96b-2734ad33f946,Laura Taylor,791.823.558-71
bf060a41-af0e-4932-b757-4f010ccf07f1,Malik Cain,753.322.358-60
270b35bf-74ca-4601-91d8-16fe5196ca5a,Amanda Bates,856.772.375-53
0488eb84-da07-441d-ba11-055850946457,Cynthia Thomas,373.686.153-12
28c1b6d1-da1f-4187-98af-4e43f096b00d,Brian Estrada,970.092.107-36
e52a8700-3ab9-4c47-8a16-e799e997a931,Jean Hansen,524.235.791-90
ba2bf5e1-4b63-4bb3-b83a-f10438f84258,Shawna Knox,791.499.772-14
2f771a5a-3d76-48e3-985b-b7e91e092c46,Ryan Rose,323.224.383-25
c108b321-1696-4fbd-8457-87fd61ca65d8,Courtney Dunlap,655.816.465-87
49c4bc11-2495-438d-9b87-3c395574433f,Tony Murphy,820.216.397-02
1bc088f8-fdf1-442f-9491-1287abc066d3,John Barton,875.275.855-90
495a6541-1c93-4076-90e3-345d72d9c83c,Jermaine Young,101.972.609-72
5b070f80-9227-43fd-951b-4c758d20070e,Trevor Pierce,368.139.903-86
23fd6560-8719-45ae-a5f0-6d81f0484750,Samantha Holmes,206.434.168-94
bf03895d-6d44-49a2-8183-81c4e89eac75,Valerie Russo,825.468.691-16
3eb1c53f-4af3-42d8-8608-40548ce4843d,Edward Young,681.250.933-74
e6173937-b216-46db-b863-ec7526285150,Patricia Patterson MD,874.328.181-29
b43d4e7f-d2c2-4f0e-a706-cfd02d61a398,Duane Martin,357.101.686-44
cbd53684-acf0-447d-b61b-35f8bcde6edf,Robert Marsh,191.374.411-51
314d5517-f29b-49b2-a076-3abe12756120,Jennifer Davis,897.921.604-12
cd8175bc-ff34-4742-8b86-61ec290e632f,Stanley James,777.746.734-24
93c6c6a9-16fb-43ad-bd64-1ee5eccdd750,Jacqueline Lewis,518.081.934-70
a46b9550-42ae-47e4-9a08-0f32481d5191,Michelle Velez,251.983.909-37
466ab61a-8180-4d06-90cc-2a380a0e6f0f,Alexis Gutierrez,600.499.380-78
f4c0d073-250c-455a-a84a-848e56ae7048,Melanie Riggs,241.620.904-27
d10408ec-2013-471e-b6a9-e3bcf0e25322,Kristin Payne,547.128.067-53
7767d63a-0293-4866-ae0a-724670463aa1,Cynthia Martinez,499.772.790-11
e69b7e32-9292-400a-b228-b3ecc6727760,Benjamin Williams,464.370.562-27
19d5ac88-a8cd-46b8-9f3d-d5ef3a0adfe2,Scott Young,508.110.980-40
e215d555-cc18-4890-8969-89abf72d28ae,Audrey Marshall,550.001.979-69
3cbc7f74-54e3-47c2-b02f-229f7ca60a5c,Amanda Young,877.993.200-62
6d883826-0157-47c4-a6cc-cb8134bcc6db,Patrick White,873.917.067-27
43df30db-068d-40fc-8576-7e2f6e62f2f6,Ellen Henderson,450.373.463-68
943fb486-16d5-4258-99e7-8340b1862e76,Adam Barrett,920.899.261-99
8dcd5fa7-1a1d-413e-9468-5f4b02f2f3fe,Nicholas Jones,330.216.890-73
139f4019-998c-4c6f-8c4f-a97a756af68c,Zachary Turner,008.999.133-73
529867fe-75f6-4cd9-b913-543b3d6e583c,Michael Rodriguez,391.638.707-08
8e312b31-712d-4fc0-84dd-27ff2b1dd09b,David Schroeder,628.025.956-17
a4bf9059-6cd4-4e62-9a86-ff20975d7434,Jody Foster,041.770.763-28
c5ee9489-e7ea-4da3-9a86-b34c76f6d340,Audrey Campbell,639.366.868-48
5960ff74-c2aa-4a55-9cee-c8f0532e2256,Miguel Evans,373.388.697-05
e100dd4b-6c96-4036-88a6-8813aa5a718f,Ricky Lawson,799.064.706-37
d33f758e-ba0e-463c-ba18-0cd99108c547,Nicholas Meyer,126.840.987-30
97bbee89-2209-4d9a-9f20-d3327baf7efe,Paul Grant,383.145.055-87
80617fda-335d-411d-aed3-ca3917a8cff2,Johnny Ward,347.800.545-14
4d97e8a1-7720-4190-b326-dccfa2ec4426,Daniel Wells,947.979.329-06
9668fd00-799b-4cff-811f-a3e0528d255d,Cory Hansen,680.257.567-15
b745eacd-b8ee-4507-82ff-98d3c4daffc7,Elizabeth Cole,377.849.556-26
1bcdbd0d-0e2f-4fdf-a8d5-214d3b49c7e2,Misty Robinson,656.341.065-68
1c3dc001-75eb-4fb9-b3ad-59a3be5b31ac,Charles Edwards,944.859.414-23
afa83ff8-2b40-47b8-8bcf-1f9285c11695,Terry Welch,440.764.992-49
61004774-fb70-403c-ae81-a1e9cd187146,Heidi Smith,005.255.368-71
63b14504-d172-4e5e-b0fa-abd9cb43352e,Victoria Villarreal,278.804.121-86
816f5acb-1a37-44ba-8ce8-25c40cec4d06,Jim Moon,511.147.686-44
30380af9-7c90-4e56-9717-61064c5ca79c,Kimberly Evans,332.257.691-90
5bc10fee-ced7-43f1-91e5-597bd89faff6,Annette Turner,227.926.827-05
922d63c5-873c-4693-9775-df99ba006ccd,Evan Williams,625.440.723-23
265cf9a7-b023-492e-9e62-3896325f1c48,Mr. Jonathan Taylor,158.251.910-78
12c154ff-46ac-45a7-921c-2404994ecc21,Andrew Foster,097.439.265-72
89b94667-2d12-4e7a-bfdd-f37056d10195,David Alvarez,611.021.975-28
51d5c171-5764-4f95-8919-dd46d204df4b,Brian Lopez,587.226.801-49
748db0ca-899a-4da8-8177-2fa1ec2a9302,Jeremiah Sandoval,877.599.530-23
cc6587b9-1ad1-4f99-bb8b-dc23f1621ea6,Francisco Meyer,370.457.471-18
12d19891-03e3-455b-b4f2-7d8f8f6b8f01,Michelle Conner,065.026.947-54
303bc5db-08d0-4431-b6df-29c80d0321da,Timothy Ferguson,719.814.478-97
485b6c22-4f0b-4e0f-bfba-0c9d38a0122d,Christopher Mitchell,369.040.894-14
3e5dc535-3e67-47d0-8eed-547c7f51e8c9,Lindsay Noble,875.402.022-80
21e6a119-3caa-43ab-9905-08bda65f8493,Jeffrey Brandt,546.356.719-51
7e2a9b35-5e70-4df4-889c-34732fd2ee32,Brandy Dean,906.948.307-00
a59ab98c-fe50-412b-aa83-a693a561092f,Mrs. Denise Allen,675.085.224-24
ef097aa6-f4d9-4c16-bc17-a7cc87116f35,Richard Jones,446.071.453-56
1d94038e-346e-4263-a10f-7fa4e5d1179e,Mary Mills,960.555.636-57
4da311cb-8e0d-487a-8fdd-4a94529db3e4,Lucas Fields,721.902.404-93
1922f6f3-ba06-4233-8d88-c1a9303a6a2a,Theresa Pennington,466.426.226-45
87fc5559-9d20-4780-8c0e-b7c248cd6236,Michelle Mendoza,481.794.857-60
3ad60b3b-8b4b-4504-9d49-adfd74fe548c,Kimberly Butler,584.113.806-90
d63f06df-5e5d-4adc-b0a5-43b4bac6bf5c,Patricia Webb,638.551.630-12
b0fb926f-1c66-426d-b796-e9d801b13122,Mindy Wagner,576.773.248-44
f639b5da-4c4d-46ef-8ffe-75cca075bc23,Kimberly Jones,607.253.437-27
1acd402c-8758-4f7a-9a24-57636d44ede6,David Garza,038.454.197-36
d6ca14b1-9b55-47f7-be97-787002ca26e5,Robin Reed,182.139.207-24
0313557a-f7d4-4834-be26-3977f30a5235,Faith Duncan,653.662.663-55
14dec3ce-7570-4c3f-af8c-e9c0d74cfcd2,Katie Keller,931.435.053-24
c630fcf6-11c8-465f-9498-0839aee67e55,Ryan Wallace,824.707.204-96
d1c356c7-a230-4e49-abb6-3eb1f58155cd,Gregory Glenn,188.130.396-02
993cbf30-efef-49e5-b5ad-7aaf3db149a3,Andrea Jackson,491.196.988-33
1b25718d-795f-4b30-a424-50167ae8c0ad,Nathan Cox,895.236.024-36
d3adc9f1-fd4e-45ad-9d75-0919a6617f7a,Diana Robinson,070.766.419-93
4955904c-175f-43ec-b76a-bc70d836d508,Wendy Tapia,107.313.175-77
d4d6e685-70a2-49ea-b511-383a54d18cfa,Mrs. Stephanie Riley,528.294.120-27
1a1fa253-a2de-457a-9397-7c6c80d5d589,Corey Francis,209.400.265-13
1380e029-b899-4413-a8da-0741720a6a06,Kelly Kelly,836.285.956-01
b169789c-d0e8-4853-819c-555646263d18,Stacy Ferguson,969.346.199-58
f4835f98-d82c-487c-8788-26a05c249db0,Jose Cook,181.133.353-97
d4d6c47d-5048-4008-b088-4f13691fbefd,Mr. Christopher Price,620.407.742-29
c712217e-16e5-4f51-a9f4-055b5176e747,Donna Crawford,906.039.764-83
73d9c423-e9d4-428f-bfaa-b073b2c1f454,Tiffany Logan,506.730.759-74
af3dbfea-4df6-42c8-9826-57806904f81c,Leah Miller,576.372.260-46
41c59ae8-bcd0-4d00-b8e9-bfaa0ce5913b,Melissa Pearson,650.930.881-03
08ed887d-1b8b-4850-a0ef-45b78a04e4d7,Lisa Brown,351.218.208-08
6e4bc86a-7c8c-457f-bc7a-61c6187a18f4,Jennifer Manning,686.646.172-80
3c4b0324-423a-4e3b-884c-c93438a59688,Roger Campbell,459.319.250-07
58e0c4db-27d0-4c06-9252-c40364b1ae74,Natasha Thompson,834.187.010-08
d7615aca-6de3-4a17-8fd0-212330ca9c28,Susan Humphrey,966.509.010-57
65dbcba7-fbb7-4837-ace0-5cd3cc5dd4a4,Kyle Saunders,124.410.777-95
e60ba363-7c8f-4fba-8c98-2d4952e8fbc5,James Graham,154.208.071-18
e83c866a-6830-4488-8842-ce77146d8d41,Jessica Duke,378.678.032-56
090fb913-1317-4169-b150-64e304451d38,Devin Cabrera,501.253.058-79
22dc524c-5b2b-4982-a2a7-2a5f5a5b9ca5,Nicholas Mason,562.758.455-58
103fcba9-e7d7-4b76-b162-0fc8a31cfa6b,Christine Morrison,722.339.015-23
a0a83e46-f548-4a18-a79a-5ecdd85b6c8e,Patrick Holloway,162.475.731-63
f8b1caa2-10e7-4302-963a-252a15b4a714,Tony Lewis,587.719.204-56
3a1577eb-7860-498f-936a-da13e16cbd8c,Brandy Joseph,576.884.514-81
c8544096-3228-4db0-b3de-4f0da1974b40,Dwayne Gilbert,180.561.253-93
2e2960d6-f2e9-4048-b234-fb21f0f72405,Steven Hall,242.889.393-86
cf5dd5d1-b2dc-47d4-9be1-b6c0e5b07a12,Casey Miller,527.658.734-57
acb70464-ce97-4c94-a4bf-b165bd1b2fed,Kimberly Johnson,646.548.159-06
96aa3e1c-ce39-4f76-b813-c9b4d59c0cdc,Sarah Smith,228.502.078-85
5b6d3273-0554-4f9d-bc05-2157626c1ad0,Victoria Parker,893.215.061-01
94638355-4830-4837-8708-12531dc89dbf,Glenn Galvan,054.113.344-99
bb9bad76-c7ec-4f36-842c-54c3bbb40467,Katherine Spencer,706.854.084-87
54c7fff7-8475-4ccd-a380-7e8187501723,Alejandro Adams,508.021.117-48
b3f95dcd-caf0-4d0c-8890-a7b8e231c6b7,Michael Porter,617.125.976-13
2347081e-7ae5-4085-a0d6-d1f551721f69,Henry Strickland,012.426.270-18
6da78127-2929-4106-a298-2b58afca0a92,Anthony Dunn,845.394.167-09
787f43ea-3f2a-4f90-967d-6479bad4f1a9,Justin Miller,464.725.212-78
dcddb844-390f-4861-a4ee-0a32b75bb218,Vanessa Jones,037.746.463-17
6deb3adf-b348-4736-a975-af07bea72c06,Brenda Daniel,068.523.333-00
44df0dc9-35a6-4159-8141-4a8bf47c0e2b,Chelsea Schultz,697.964.425-45
c2457423-d813-4e9b-8cac-e77de71eef5d,Douglas Vasquez,364.444.936-43
b7428f06-b3dd-477e-8569-96068f3d3dcb,Shari Mills,841.836.416-23
6f2f044e-7270-4c80-8003-fd28bb66c57c,Emily Liu,802.905.073-46
0c621caa-4854-43bb-ab8f-74e1f79ba3e4,Michelle Barton,646.122.679-31
3cec8c73-424f-46c6-a5a7-cb5cd5141538,Sean Barnes,522.153.466-73
866ec748-2021-45f8-9170-6c393fca1e65,Carol Vasquez,583.521.335-80
3dc87d1c-7942-471e-b947-26b7ec78cedb,Traci Hicks,554.422.810-45
a31129ac-6e82-4a23-86f3-3d708e019069,Larry Roberts,420.237.948-34
122af8ba-58aa-4655-b297-e90d616f0bf6,Kyle Hart,828.738.727-84
859fee02-f1ae-4067-a05f-d5db7dbbb2d4,Aaron Smith,757.555.045-30
0c7084bc-19a5-4ad6-bb26-a25f9c09b324,Dustin Andrade,266.151.045-30
284f711a-5e5a-4929-bb5d-5ddba9a4a773,Christopher Cain,049.156.100-73
d50199e3-7c9b-4921-9920-d234b5fc561a,Dominique Reed,646.046.096-27
1ed31084-8b68-49ca-91d6-7162d8521c02,Sherri Hernandez,378.119.658-67
8e91d584-8798-4b43-a077-64b5334460b3,Matthew Zuniga,635.548.829-99
19296d35-a0df-426f-88ed-d3f5323adb8a,Richard Lawrence,252.006.496-33
073c6c4c-9988-45b0-9224-7ad4e69d8c6f,David Perry,411.242.361-44
8416975a-1321-43a3-b3e1-577aee3b59ae,Brandon Espinoza,823.650.881-62
c37c5233-7b26-4427-8ed9-ce36cc9ceb00,Karen Oliver,940.613.765-07
6939d1d2-fba3-4888-8c53-6898bb73c26f,Theresa Williams,350.649.817-04
4feef355-aeb7-41f9-a391-7f991eeb7b15,Kathleen Hudson,957.758.502-08
b60e68c2-1b3c-4a8b-a056-a39fb4e6a320,John Dunn,283.721.156-25
e58c63e7-69a9-49cb-947e-5841010ca567,Brandy Harrington,138.301.627-80
aac35f19-8d02-4c6c-b979-74da55c9ddb1,Fred Gibson,008.834.353-02
58ebbf6d-7eee-4180-aa0d-151621abffcf,William Rodriguez,653.170.488-06
a30edde1-4a46-4acb-905c-013e285a8101,Pamela Rosales,996.930.499-32
57476af2-aff3-4f50-9313-77926b1859bc,Shannon Yoder,099.111.354-25
eefcf9f0-dbd0-4907-a619-121deeb825dc,Cheryl Jenkins,601.725.206-46
388a03fa-6bff-4153-afbb-2349b43c876e,Gregory Good,847.520.984-22
f772193d-0b52-429c-ac06-5e9986fefa68,Kimberly Cherry,363.676.059-19
33f27548-d085-481a-aa4f-a851fbebe0cd,Diana Rogers,910.079.739-58
631f0e93-e48f-414d-b220-0c466b7fc584,Sarah Porter,890.554.085-78
bbffd265-99c5-491d-a03e-fee1fec9e123,Pamela Davis,009.288.312-57
a3f993fd-aeaa-43c7-9e5c-9ad7b7c0f8d9,Hannah Davis,020.934.719-67
3d0fd916-f8d9-4f59-9d2f-75d16ed75c58,Lisa Mason,252.301.908-01
66975479-1eec-445e-a34d-78b59cc44f64,Michelle Olson,639.012.014-90
a4c57aeb-c65a-4a1c-954e-acc7a7ba7c74,Karla Vang,193.290.746-74
26ce484a-a527-4fe1-903f-2809a03fd21a,Margaret Roberts,670.625.371-20
f6489f0b-4a7a-4dd2-97d4-d0008f662858,Robert Cortez,182.364.160-48
1a1e8918-e445-4bc0-8fa1-5a470711d51d,Brandon Lopez,188.995.522-97
01a03f19-633a-4474-990e-57e75b98e60b,Stephanie Watkins,092.227.296-72
c401aa52-5d86-4872-a6fc-75f431023457,Vanessa Serrano,361.355.451-96
cf2dbf35-0461-492d-81bd-a783c553409a,Karen Reynolds,846.838.305-19
8699b9d8-d299-411d-82bc-9ee94abdf576,Shawn Rogers,555.571.459-92
ed46daf6-4c46-4af8-a80d-c0cf0b307966,Seth Atkinson,094.141.392-37
298ca377-a08e-4e0d-91d6-b0b5aff14c1b,Benjamin Adkins,006.887.062-62
333d41f0-5f4d-48cb-b3bd-042814f9b7f8,Kristina Snow,692.193.264-97
0d78df79-b2dc-4cea-b7a0-712c91c0433d,John Fischer,188.773.428-90
26ef1453-7eb5-4f13-9c8c-22a3f738d060,Matthew Williams,750.188.627-67
62b38185-a937-473c-b04e-833be36219e6,Scott Ray,242.082.831-76
701ab460-123c-42eb-bae0-fbe7a111ebd7,Natasha Carter,753.725.145-46
6a9699dc-eba5-4045-9b96-91504f0cfe77,Rhonda Ward,076.142.981-42
3218db6b-84e5-453d-8de9-a966eecbacc6,James Brennan,764.709.536-85
cf1ff13a-ac47-45d6-92eb-1583ead19df6,David Edwards,337.059.396-65
0ea8c796-5c53-421e-9442-830bc190960b,Jill Johnson,204.572.588-72
6a7675ef-2c9d-4e2d-80c0-b5f38fffb6ea,Erika Mccarthy,595.258.608-69
4126c950-a88a-4305-895c-96d7e076897e,Pamela Harris,868.044.654-85
8e5821f5-d035-421b-a56a-6ed02c100432,Dillon Jennings,724.532.774-23
d7290d30-60da-438f-a6f7-99a66828a1ba,Alexandra Cain,402.000.969-83
3eaef1e6-c145-417b-875b-96a83a8a8dc8,Omar Reeves,071.636.877-09
187d49e0-634f-4e10-a10c-3b0be7408be0,Brett Allen,067.959.238-70
36654075-c818-484d-aa9f-b6e8834b1bd5,Blake Matthews,793.404.801-49
7160f724-2528-4ac3-ba79-b6e99e6b8a01,Brian Velasquez,645.050.364-78
1f2b91fc-75c1-4628-aec0-5cbebc88f0bf,Jason Garrison,255.019.987-85
63af441d-70c7-4c4e-b495-80b967849285,James Robertson,200.392.709-85
eb16c915-257c-4e0d-8f75-ef88a49065b6,Edward Carrillo,770.082.351-99
9e22e2d2-ef3f-4b75-8aa0-f3ae453183e1,Tracie Martinez,395.870.073-82
05f69a50-2703-4591-a792-14e2e5994b43,Matthew Carrillo,134.552.319-88
31d39d83-97c5-4a86-8d98-c9ea5e4d6505,Paul Barnes,668.403.418-63
a2ae6f2d-02bc-447f-9852-0d197780e7d4,Scott Jackson,868.902.114-94
672a02fc-236c-4c57-9ef9-218b783ce0e3,Michelle Barnett,797.219.595-46
c9d0d7ff-0b5c-4b60-ac5e-0389909cf62a,Mark Smith,633.577.714-75
caa8f40a-63c6-4789-87ad-05b99d694a15,Ryan Mclaughlin,614.731.481-07
a2053515-1d0d-41cb-a47d-485aed398e8b,Richard Hayes,364.379.971-32
85e030d5-7bbc-494b-baab-665c95549265,Sharon Smith,849.057.713-48
e4adb740-2faa-44fc-bc18-4aa698032414,Samuel Stout,649.775.971-53
8678daa5-37e5-4e54-8c81-551df8fb8c0a,Miguel Palmer,072.457.058-21
4fc0f100-7ad9-49a8-9620-f0e3a0e42a80,James Grant,336.766.202-31
6a49a618-20de-4b7a-af94-1b4afeb9a85e,Michelle Wiggins,675.674.402-76
d77ac8a9-6445-4f65-9a77-b0fb3abe853d,Ashley Porter,926.733.671-37
27e89b40-f32c-4604-8a79-6d1613bde382,Kathy Thomas,045.990.686-90
fc41d86f-78f3-476a-882c-3eafc02d61f2,Michelle Roberts,230.593.423-29
d0299f60-146d-4716-bc55-eb830a04779e,Rachel Graham,879.078.895-39
3b5801eb-5e85-44e1-abb0-6e1879e5e0ac,Michelle Herring,206.027.691-98
63b6d2f8-4e38-4b4c-bf67-6651399b4453,John Gilbert,896.715.952-15
d47fa6a3-60cc-4d46-8dc2-9b3fd5e43153,Gary Kirk,011.940.786-00
aeea9d66-6c0a-4d7b-95ee-d3d25c66a5ac,Michael Gallegos,567.073.985-80
a3d91be1-b5d9-4d3c-bdd8-ab49cd378f30,Megan Forbes,743.729.075-76
8020c8de-2e83-4aae-8bd6-638db33f0978,Sandra Duncan,495.956.549-82
f3abecde-d032-4605-876c-6373a9a9e65b,Carrie Wilson,353.005.464-89
35292459-521c-4d3a-a786-3b68116663fc,Michael Ball,146.262.469-27
b998f134-9c6e-4e5b-9a37-d0d9dbc72f85,Brian Church,422.529.906-71
dccd3e5d-2076-4fc6-aa79-87579e134ce1,Jimmy Bridges,368.452.335-33
0abcb3b4-7e1c-4638-a21c-af1df3702f27,Brandy Mcdonald,497.183.540-69
2ef2eede-fcc3-4c79-a843-4f5ae828d591,Mary Vargas,878.479.278-92
1c4373e3-238c-46b7-83f5-6cf757228aba,Sara Potter,290.471.532-24
b761dca2-f8ff-4709-b645-9b0591dfa353,Beverly Parker,836.180.244-63
98c7adf1-31bc-45c1-85fb-dbf53b4a53e2,Timothy Navarro,270.447.674-55
6bb94756-3d64-40f4-9ecb-bc26ede41625,John Blackburn,235.169.078-28
efb0203d-c970-47ec-8644-2090a658224b,Carl Dorsey,256.980.219-82
6fcd3399-b9d5-4ab0-9d50-385be83fec9c,Matthew Walker,929.168.649-90
7e7c62c1-b8a8-4e9a-ab94-81a82d76e3e5,Christopher Brown,785.619.416-70
bf32ccad-096c-457c-9147-6f220d46e227,Kenneth Lynch,410.667.208-99
5b4df518-7c6e-4957-8906-e33505acee31,Kim Porter DDS,850.018.558-97
212484cd-56e9-4934-ab9b-69d43228ee16,Duane Myers,116.828.383-70
1439dc05-4ab9-4995-90c7-d9437ae94f50,Shane Barber,765.222.710-85
91c5349a-5fb8-43b5-8af3-1b0018617bc3,Deborah Peck,849.915.621-09
e6debecd-a5cf-4ced-957e-7fb31720480c,Robert Mitchell,577.823.557-52
c11308cb-8153-4e7b-9149-9b6b5c0aa137,Jacqueline Cuevas,797.485.510-20
7c0459a0-2d38-460e-8653-72aefbf15570,Calvin Strong,067.942.563-35
43086963-8392-432e-84e0-ef1902202b4c,Amber Franklin,900.813.275-55
d78e6e3f-3ff1-49b6-9dcb-129816aa0ecb,Steven Hansen,224.288.522-57
2f76575f-2d85-40ca-8f3b-82b14debc678,Renee Clark,704.206.732-12
fd12529b-56bd-40cf-a742-a90ad36add5e,Karen Howell,349.772.149-90
6aff094b-52ed-46fe-8904-5752ec7e76ec,Roy Torres,996.661.728-07
fe21b6ad-ebab-42b3-b5ed-ad3529036009,Tiffany Scott,815.150.403-81
77475cfc-c7a4-44fd-aa82-b68053aa7540,Steven Wood,229.871.559-85
2f0fa97b-f713-40a9-8e11-3e18580cd97b,Christopher James,089.197.711-81
ce8210c0-c537-4fd0-80ef-c3e8063b748a,Victoria Russo,909.083.315-92
2661b9e7-3b2c-40ea-b349-251363d10a4e,Mark Brown MD,499.822.736-72
d85d8387-2b7e-46a9-9f28-dad061a5fc01,Todd Bautista,157.125.157-52
8834bd0d-66fc-44cf-83bc-c787f024b078,Jessica Wade,977.910.142-05
8639eac0-9cd8-4fe5-9e10-8526a16018d1,Kelli Williams,925.911.426-42
4d481210-54e4-4e94-80f3-81ba408de5a5,James Cook,683.945.531-60
8f34cf8e-4ab5-436b-b34d-d43e654c8d6b,Jerry Wilkins,765.110.204-73
6f1db361-6600-4690-8cd8-5520d4257b7f,John Simmons II,928.967.080-92
582e9081-9542-4d02-9ed4-d41c93fa8b2c,Laura Jones,528.313.414-80
5f22d013-c3f9-44a7-aeba-0975da12ffcc,Jack Huynh,842.270.670-11
c958448f-45d7-416d-a358-45098ec2a9da,Natasha Johnston,862.621.880-83
9400a9f1-7dfe-440e-9992-ce7a2dd5b296,Michael Khan,574.466.672-37
1b221ed8-52ce-4d81-a181-c5317da12a7c,Cheryl Patel,089.402.736-61
49421d99-2baa-4a3f-bbff-4e4d4e0062aa,George Sanchez,383.229.842-77
f962820d-d110-4903-9fbd-86a2ba5a9687,Jonathan Lewis,570.217.035-77
f714d574-6aed-4017-952f-ff5bc4155939,Claudia Jones,021.791.245-05
cc1fc998-ac73-4d63-9bb0-03e1756e8d0d,Ronald Tran,513.259.110-69
f55982fc-a2f7-407d-b845-3b32df0463f7,Dr. Chad Chavez,804.023.503-38
254a6b6d-5dcb-4d20-88ce-e2e448935a93,Deborah Jackson,398.091.549-70
c664111b-b80e-45ab-b2de-ee220ea29fbe,Brittany Morales,678.992.683-26
49a68f77-776a-4b4b-b668-48e489f414ae,Patricia Smith,771.913.639-14
6d83b2dd-2590-42ba-8d66-d65101b1a517,Danielle Lewis,155.954.699-72
1740f65f-2823-4d8a-9ff9-2bf6dfcddfb6,Stephanie Navarro,140.675.224-95
6f80c5c6-04ed-4548-83b7-aee06e3700c4,Dana Ballard,843.477.433-24
779b7f09-bfd0-4ab7-a46f-9f6eecb13030,Clayton Brown,511.010.030-45
9a689679-4c75-46ba-92d3-6b5b0c51a34a,Bryan Bell,171.102.697-25
a768163c-0781-430b-8703-ce1ce473c762,William Wallace II,207.535.102-88
ed79e1d1-f247-47da-b20f-17c6184db706,Matthew Roberts,919.768.212-95
758d0e66-e551-46a4-b8f9-0a98d7161e93,Barry Mann,201.929.917-83
1757e1cd-b99e-42a3-9e19-1b1305127836,Kelly Pearson,036.722.684-40
40c889c0-2020-4661-bb9a-564950b1a262,Steven Escobar,444.210.673-23
b8cf5c4c-27e2-4106-9058-eb38559661e0,Miranda Myers,192.012.266-72
7bb37398-522c-4b94-95aa-882d79ae2041,Diana Taylor,665.699.426-66
670a79a3-05fc-4a33-8b9d-1b6df80347f4,Jason Richards,663.198.128-08
c0a8be37-975c-4b34-8989-1eb846c63871,Sarah Hatfield,092.079.565-47
5c3c91f4-9d48-426f-9862-e165bf8f616d,John Washington,064.707.673-10
7ea9b687-48e0-4f47-9245-7a3e02c88fec,Hannah Ross,889.139.860-76
6d622f69-5cf8-4eda-b7ff-4f57f0e66237,David Donaldson,106.953.837-35
7e394ed8-8aae-477f-9649-5d3e7f5658fb,Caroline Lucas,805.949.968-83
95381466-0836-4fd0-b05c-e8ca6147a51f,Barry Maxwell,745.823.766-77
3bcd90d3-7d42-4c9f-ad46-04d8af612206,Lauren Love,029.302.978-46
6afcdfd4-7162-4241-9932-0cf1f3a2b6e7,Tracey Larson,427.244.905-97
07837268-1f07-43d7-a271-fa0ab4370eee,Billy Burton,850.062.121-37
84a120aa-c994-404e-9e74-8277a6f9eb4e,Brendan Rodriguez,652.270.048-95
17e24a9b-119c-4ea7-a53a-bb757c70ad0a,Emily Perry,529.595.659-03
cc9cb0b1-f5d5-4fbb-ae89-025a80fb57c1,Kathryn King,276.437.467-21
7d4b9dcb-d4ff-42fa-9c58-5657c61f4954,Michael Morris,979.832.647-37
6fb41f2c-72b6-4e3e-b896-89be93d85e5a,Brandon Small,990.497.901-51
33ab4667-4cdd-435a-875e-305ea36ebc4d,Jill Smith,580.857.489-69
a2effce6-3ad2-4811-940b-bbb5a4ad9b67,Kevin Mcguire,346.504.498-31
f3c5c37f-bd98-40b6-8f8b-eeb75218bbed,Cynthia Frazier,945.616.579-25
249c5605-e2c1-49de-825b-aeef4ba19a9e,Matthew Bryan,610.831.506-40
87a00a98-1d65-4fba-92f9-41ac07bce2bd,Tracey Giles,673.808.530-69
aef5051b-ee62-4974-994d-fbb200c5f89c,Anthony Silva,828.228.061-70
21c61b96-d053-45f3-9730-c3483fe288d2,Jay Cunningham,316.531.655-55
aa006c1b-6b97-4f02-99a9-57923d13eb8f,Mary Owens,336.512.071-01
bbe44e0a-dc83-4c13-a357-89d0c4f06f29,Renee Price,621.453.815-61
cd67e795-f5fa-470f-9a4f-4060d5951279,Kathleen Flores,104.960.276-47
2444fa55-4e76-4e0e-8880-6ccb037e3479,Kelly Holmes,431.802.025-47
adc6b3eb-08c6-47a0-a6ce-19384284547a,Ashley Jenkins,226.242.015-64
c3f68ead-12e5-4a95-9f20-2c9529a5f08b,Dana Williams,881.056.429-81
2fac4408-7728-454c-94d8-16b7262380b0,Brandon Alvarado,675.375.998-70
5a056723-8fb6-4708-ba04-edc4e2854e74,Lawrence Ochoa,660.109.158-69
6f595044-c1c1-4b1b-8b9a-6ba836a7d845,Teresa Moreno,213.814.125-42
8d5fa184-5966-49ce-b3e7-4acfaba98bfd,Sarah Edwards,612.838.469-28
3785fc7c-35aa-4e40-b620-f54b10e8a832,Jennifer Porter,059.867.499-15
436ca6dd-1cc3-4ff0-986c-eabb97606b9b,Caitlin Vasquez,340.681.633-39
64e25b29-1b93-4db3-a929-7fb7183288be,Sergio Johnson,836.440.547-17
4a0fcf58-3784-4070-96a6-0925fc23e36f,Kathy Nichols MD,659.127.027-34
e94d8a6e-9b23-411a-baf2-75f02c42d8cb,Mary Jordan,906.439.571-93
8c5628d0-6d15-4a6d-80f2-9c723e39ba83,Stephanie Reyes,996.529.210-92
7eaca096-c253-48ee-936a-8ea930759d59,Samuel Thomas,343.897.635-04
e648e7c1-b5f5-4d67-b78c-7d41956f4eaf,James Jones,991.677.980-28
ed5f2f3e-8bef-4da7-b30c-90c3fa5f40ea,Jason Jones DDS,924.377.624-95
cd709ef0-753a-4968-b981-ab264708b37a,Christine Miller,878.335.452-84
72ad36e6-90e5-4d1f-8978-44a18ed7d4e0,Jessica Cole,661.021.063-53
b8edba64-3db4-4841-8f8d-dc00dce6fb67,Hannah Anderson MD,605.069.205-13
7b4010bf-8e77-489c-83e9-0056299e9429,Amanda Chapman,385.593.661-48
446153de-73e0-4d85-a593-2c3ae8664564,Manuel Hess,712.358.841-67
5a2b4f14-e7ac-4b3a-bf58-688bca696e5f,Colin Campos,073.740.338-65
10687c1c-9437-400c-a604-0e19882c65e1,Amber Reed,222.113.277-59
03710ca1-feb1-4206-bd26-3bb8e6a1dac2,Miguel Ruiz,936.596.858-15
153f6ea8-c8e7-4bfb-8273-72ac137733ea,Timothy Long,039.150.276-70
6cb96ee5-043d-47e6-a79a-67e7b0fa034e,Danielle Anthony,782.797.677-94
67d2941c-ef55-4f74-9994-431a09ee14db,Nathan Howard,015.139.091-80
afdabd06-a2b4-497a-93b8-7bcf582b5d3b,Eric Porter,937.797.756-95
0bc37503-ab88-4833-9b4e-1355bdd20deb,Mr. Alfred Reynolds,016.314.315-51
b43ea9dd-823e-4930-9110-31ea0eaa05f3,Shawn Burnett,526.404.131-83
f9f4d7f7-6884-4f0c-88d9-0d3432a666ca,Christopher Cannon,105.010.435-21
07571aa5-5581-4cf0-9a68-006051f37c8c,Dylan Dickerson,566.670.312-60
71f1cea1-588b-47f5-93c3-4e649541a9e4,Kelsey Walker,566.074.779-65
6ffc9798-2bb6-43ca-823b-e9dda0935299,John Mcgee,248.648.392-93
1991aaf6-d1b3-45f3-a33b-7a9174d18f8b,Karen Pugh,516.021.884-41
86fb0f27-e52e-40a4-8499-5f1610574213,Erin Garcia,304.904.913-41
2e1fd151-264e-4a4a-8584-733dd5da3152,Ellen Jordan,001.759.258-71
8f4f1f50-62c9-4870-bf5b-bdcd357f8ad7,Teresa Ortiz,868.126.374-54
37601558-3b79-4200-800f-fc03a28a5ec7,Michael Flores,856.632.870-30
f03fb49f-283d-405e-bf8d-52046ca6e77d,Jill Mcknight,815.023.943-64
f14bcc19-681e-43a6-94e0-9748a8455850,Stephen Solis,575.416.865-21
bd081d89-0320-4774-bb4c-798b6e253b0e,Katherine Griffin,410.624.812-96
27133460-80a8-449a-b422-65bfe97af456,Andrew Rosario,587.831.051-25
ab13dd68-d82a-4dbe-b352-0f4df96ff5e3,Kathryn Cox,798.831.449-17
bd72d373-2261-4193-bee7-41d3bfd08ef1,Ronald Jones,469.992.784-49
b4624db2-8aba-4c57-a0f7-0f5cb8bf0a04,Jennifer Atkinson,215.118.449-89
8cf43099-d49e-4e95-8b08-3d61df8b947f,Dennis Johnson,792.995.922-21
625c6012-3c16-4c27-ab0c-a8512e488ad7,Nicole Russell,323.102.268-48
0e105436-465e-4326-94d3-f6a0e7051725,Carrie Johnson,658.566.387-60
32927010-1d7d-4cd9-a500-593804ff0e77,Alicia Holder,555.333.013-65
0b7ba743-6819-4540-8542-b7fa14bd996d,Christina Johnson,983.215.904-22
fa5ae382-e7ab-4d94-bdfc-7d689bc335ab,Jeffrey Boyd,888.356.996-90
62e44a82-c99b-4d04-9abb-f6a2eb97c7ec,Ashley Anderson,775.043.308-10
758b4602-0ce0-440a-9584-ad59ce4216ad,David Hammond,011.034.050-76
920c0197-3c76-4cb7-90f7-b1a687043563,Lisa Lee,347.996.592-36
4675a031-3216-463d-8c4d-42ea1283bd56,Jason Parker,494.202.820-03
a5066e8e-de65-4798-9ed5-f6cae5f86031,Meagan Robinson,907.078.761-23
99908d5f-92b2-4e74-812d-8fbf41ddc894,Kenneth Wilcox,066.351.028-63
c404f9e5-cfcd-428e-8459-c1e1fd0d586b,Brian Smith,318.739.966-67
902c8ddc-8ba2-42a6-b380-4afc64f50ffc,Courtney Lee,246.301.208-19
376d586e-00b0-4a49-9695-ddac46fb337e,Margaret Lopez,778.427.858-21
89a5d615-2bb0-4843-8177-90bf7f452bfe,Kathleen Sawyer,171.126.653-83
8f9052f4-d761-416e-8b74-a71f640df0d7,Kerri Wilson,211.286.564-55
359c05d0-e19d-463d-b3b4-43a0b4a3810f,Lauren Jackson,606.120.926-73
fa7960f6-2060-4fc8-a154-148e0c543e8a,Danielle Griffin,352.128.685-10
11498734-cebc-4784-a055-6bd08a18f1dc,Courtney Evans,784.933.023-59
33d208d7-91f2-4d70-9f75-c1bf87481c15,Maria Cabrera,052.803.671-27
848bb1e9-3367-4758-8f73-e886fadfadab,Tyler Evans,017.627.280-51
45233069-2809-4274-b243-98792794b3e9,Misty Townsend,263.223.685-38
5b16d3ac-510a-4143-8a0a-785ce783f3d8,Brian Ford,849.723.967-70
5dbe3a93-bfd1-48f7-8040-dacc81b641f3,Dr. Erin Turner,812.875.318-08
f0496969-2829-4c93-834d-07ef9042cd86,Ashley Lam,831.217.787-45
70a0c69e-1bf5-4805-bf9c-4714e193f75d,Stephanie Nelson,144.812.236-68
b6b6f9ac-f08b-4ef6-8e52-a2c0bb49b17d,James Mitchell,441.494.522-06
0855291e-0a0d-4e17-931b-beabbc173f85,Rhonda Watkins,058.851.422-83
50fb8eb8-955f-41ca-ab6a-faaff8141652,Sharon Johnson,274.415.806-04
661d2fc6-9fa2-4c79-9d19-44c73cb68448,Paul Black,459.830.286-87
bcff2252-fa4f-4a03-88eb-6ff7b0e010a0,Elizabeth Lewis,254.092.175-36
4ba2a669-8d0b-4aef-96c0-aae24b7711ff,Peggy Martinez,325.752.390-37
f1c1c41c-e3ac-4d0f-9604-06a648c54aa4,Adam Murray,150.778.039-62
0ed041f5-3d65-4f50-b23e-849b527ee107,Paige Gonzales,985.014.780-70
01450c81-3eae-4663-a704-f91c175e17f0,Alex Rosales,352.812.048-85
5948da4d-8a3d-4122-9885-6f62f017c7b2,Ashley Meyer,315.763.585-19
67f25b4e-183c-4a43-9227-09966e445b42,Stephanie Price,050.570.480-41
46d34d7f-a3a4-4386-89ba-fa5ac15e5a69,Walter Allen,964.161.907-13
7bb8fda6-2726-4199-a7aa-ed27cdfff312,Derrick Brown,529.771.657-21
3934f6b2-65db-491f-93be-76ec718440d9,John Wilson,412.973.443-08
547f74d3-e5b0-4e69-a707-74acc44f122c,Tony Garrett,652.060.959-20
b06bdac7-cb60-4550-a13d-62da39a1c53e,Joshua Proctor,181.974.440-34
b51ad0d8-7b4d-4859-8de9-fd9feb62c888,Angela Clark,794.016.592-15
543b48b5-22b5-41e4-8e3c-704fc8f03e8d,Luis White,218.989.432-33
b66095e0-346f-477d-8c25-3b70d4dfab70,Cheyenne Briggs,279.801.582-23
8386c889-4e1d-49ce-9d61-12c967dad0f9,Alicia Webster,615.075.076-79
07365e1d-9d4c-4185-859e-d5757178280c,Madison Austin,663.487.933-20
33326773-e843-48d9-9641-9990733d705a,Chase Rogers,978.816.667-48
2a6409ee-29ac-483f-a2a7-9074fcb50191,Michael Macdonald,472.369.264-88
8976b896-e0e8-4696-b268-5587e42efaa0,Carrie Mueller,049.937.071-67
41b09fe3-c0bf-4484-bc20-f48aedb5e7d5,Jeremy Stokes,440.386.253-81
69819ace-cccb-4f20-aa31-be439b1b8e2b,Matthew Henderson,948.029.324-61
19a91b0b-51dc-434f-978a-177588409f99,William Ayala,928.572.873-19
d6ca3f18-6708-4e27-9196-8a2238aba9b0,Ryan Nash,129.837.898-29
78e4ffca-cfe4-42f3-9ef0-98ca1bb8cfa0,Marvin Kramer,811.765.610-00
628b0262-278b-4522-aa31-ed61da01b78a,John Richardson,513.407.938-35
a43342bc-a956-480b-8ef3-7b28e61c9b9b,Maria Macdonald,457.117.133-45
296a6b8f-b21e-4485-ad7f-18c1262a0764,Brittany Wells,171.188.027-87
7c45f68c-bbba-4b82-9457-03de08fe8287,Diane Hunter,748.648.760-01
be999c23-fb5b-4060-b4aa-bd50fe8ab5f6,Amanda Harper,299.261.990-37
8c39c27b-eb7a-452f-9581-a78bdf3ed9eb,Robert Carter,259.181.047-56
430e5411-6ed3-439b-93c3-e885b2a37d0f,Judith Swanson,008.614.002-30
b9915f58-4f74-4518-bb97-0b1e58c541a5,Patrick Walls,202.678.568-87
4559b465-3dfc-40aa-84fe-31c153b4c0d8,Bruce Henderson,720.724.461-77
239409e0-b3ad-4bf6-ba7c-08628ee3cbee,Cole Kelly,878.380.537-81
45514547-8413-41d4-ba88-c1240763e5e8,Jennifer Erickson,321.808.022-06
ce5679e9-296a-4566-ba46-98a3e0a94136,Jeffrey Foster,605.431.967-94
02c02023-75d2-4ad2-89f6-ed2c2e7ae6f5,Anthony Simmons,040.672.826-56
300faed1-594b-427c-894e-c46855f06f22,Sheena Lewis,253.072.186-41
aeb1bb4a-8548-48ed-a8e2-c31bc682b091,Sean Carter,777.651.501-75
20ae953d-06b1-4034-a24c-a173911af24e,Christopher Ellis,050.758.520-53
4ed3232e-6117-4b38-9d59-265a217c91cf,Janet Jefferson,073.772.725-83
8252af4b-fdbe-4139-b9a2-de4ceb670886,Joseph Wilson,468.457.526-43
254292b3-d9f3-4b20-be39-1db058d17bb9,Michael Harris,277.217.329-23
4423c47b-1f8b-4df4-bfe9-531cd8e6441b,Sandra Gordon,156.627.476-94
a4512e27-9e9c-4aa8-bc00-11e9e1f1fd9f,Heather Henderson,397.186.758-26
36708614-1e24-453b-8593-b03eb1a7c5b8,Sue Bailey,915.601.872-27
f419edd5-8bb5-4809-8cfc-599ab209f6da,Alicia Norris,819.235.989-63
4041ba09-7a39-4b37-9e0e-f39a765d9c82,Jennifer Sanders,397.457.922-31
d2d5925b-c91a-440d-a613-0c76f88845cc,Jeremiah Smith,238.745.009-67
a054cb90-d7e9-4236-9533-fc7fd2b1fd77,Bryan Thomas,572.569.732-70
84f7f075-d17e-4662-a11c-bc80e28b12f5,David Lewis,946.489.977-86
0f1df561-31c0-417e-909b-4b054c45baaf,Grant Poole,153.867.771-75
5b817ccb-b122-4044-b74f-bde3d1df714d,Lawrence Mclaughlin,733.655.285-06
c710ee81-7487-44d1-b65f-69a898acaf69,Paula Mcdonald,021.785.467-72
7fcd9f31-c0cb-4414-9981-9d014f593081,Christopher Townsend,853.682.670-54
d84ec4ed-ae05-416c-9cbe-eace4567132d,Ryan Martinez,369.008.335-22
41ca48ad-5cc0-4e25-83df-63d166b91a12,Danielle Gonzalez,968.138.195-82
5e3636fd-a0a7-44c0-96e8-3d906cdbb119,Victoria Wood,886.078.641-87
b5261e71-886e-4d78-8d1d-310ed9754704,Gregory Wyatt,698.517.461-89
50e6ae18-ad0a-4f68-bb3d-e1a8b80eb58f,Jody Hale,670.534.354-20
adaf0597-4b7f-4b6a-8881-40f3787bc862,Nicole Hall,168.235.064-44
a692df88-38f3-4725-84a6-73ec7e6c7ab5,David Thornton,364.045.442-64
76d2b7be-1fa1-441b-9de1-97c64d06c646,Christopher Smith,214.630.767-72
fad2c57b-c35e-4270-8d10-2f067a5ee2b7,Ryan Jones,896.430.611-27
5484b02b-221a-4bbe-86a3-3eccdcf8d2ae,Gerald Castillo,210.379.088-78
c1d42cf2-74d9-44b1-a0a2-c85935c413be,George Garcia,815.044.877-24
e9f40ffc-bea9-4cc6-abca-7fe897f37903,Mackenzie Torres,285.138.795-50
7863e37d-24c8-4e18-8730-ea7e2a65606d,Amy Roberts,113.712.038-07
a9976a20-42e5-4c26-a2d0-6ab72973887f,Benjamin Thomas,117.440.053-70
d51ebab3-97b1-482d-9ccd-7368f01000f7,Christina Patterson,450.311.488-45
e7f5d853-30ed-4302-9303-e11752f57b2f,Kristi Washington,661.095.153-55
8e6a03da-15e7-44e8-bec1-426b65edb389,Rachel Sutton,343.649.062-98
2e0d6ce4-794d-4494-bd1d-f44dbca8683f,Mary Martin,132.855.302-26
0e4dbbf0-e4a8-4015-9595-c0b9bec0f9e5,Joel Young,570.752.676-98
7aa35447-7686-43f7-bb98-14b1bc5fe250,Kelli Nash,925.831.258-90
fa6de1f2-ff8e-43ea-8da3-98d975b096da,Kyle Carroll,264.841.225-47
e860f5d5-878c-468e-a446-059ba8434d4b,Cheryl Robinson,390.222.028-46
ce5ac3ba-cbec-4482-816e-1ee6def437e2,Linda Thompson,759.881.347-73
0edeaba5-35f3-4e68-98ca-f412d9cd14b5,Martin Henderson,274.910.307-85
4c710db6-7317-4d70-8dcb-6af9a4068e8d,Jonathan Bright,305.507.100-82
a48b7707-e594-444f-854e-67d65eb9105d,Katherine Martinez,710.723.890-48
2b4b540f-9423-4186-8164-4566e5e908f2,Wanda Osborne,556.522.901-88
03410ea3-1e8a-40ef-9322-bc532f78f7ff,Mr. Nathan Petersen,181.288.607-88
f11283f0-4183-4d8d-a117-4b2a2c070ec2,Kevin Farmer,798.196.545-33
a3867ed0-9303-4ce2-b40d-a9711a5efef0,Brandy Dennis,437.126.260-74
1a1397df-b2b4-4791-93d9-87ac9062f545,William Hodge,722.757.969-11
447fed8a-4bae-41c5-b5cd-cbf6a09c4782,Karen Patterson,570.884.566-09
28f88fb0-d9fb-4c32-8470-1738493e863b,Robert Kim,922.043.332-76
1c8233dc-8ccb-4d27-84e7-e00d33ff6674,Charles Carpenter,050.948.447-64
2dcc7662-f1ce-442c-b998-bbe351d5e186,David Gomez,679.240.494-49
c912d33f-5dc2-4ec9-a126-34b598046705,Julia Sanders,843.845.589-79
bb35efe0-ac42-4801-bc72-7bea481716da,Michael Thomas,516.761.799-75
da9de603-2c96-4356-820d-7c1e9ac4dde7,Kathy Thompson,096.504.666-59
5a95b7ee-17bf-44cc-9775-835c337d4cb4,Teresa Williams,438.023.511-01
a1a72036-c041-4a92-a719-9bbf0e21d53b,Sydney Eaton,634.759.096-76
2949aa7a-85ad-46d1-8409-bf608167f72a,Lawrence Brown,217.749.184-34
f7d61334-5d22-49f8-a022-903921239047,Michael Harper,145.518.385-28
7e26cac1-f9ea-443d-a6d7-b0d624d82143,Richard Burns,449.229.946-89
4740d6a5-b760-477f-83d9-7d1c3e04f0ba,Tina Grant,138.776.960-96
34b17474-7fef-4a04-8009-f83028f66521,Rebecca Warren,563.192.103-72
0815e683-4b1e-4ea3-b9e8-9d06bbfaedb5,Steven Robinson,936.794.219-73
64ad7907-f83e-403b-b5b4-b1deded9bb1d,David Grant,753.996.886-22
6b991ab8-8048-4161-b67d-7f862b2cc13e,Gabriella Choi,251.479.281-68
69f9f173-1ee1-4ba2-a1be-005dc5f305fd,Brian Mcdonald,784.911.143-26
b2310c7d-702b-4e62-b938-3b19262bd9e9,Michelle Herring,672.062.028-54
05d8d4ba-5569-4f0e-985d-5f63fbfee659,Joseph Sanchez,162.196.922-19
7c66bbce-e687-4e15-be85-d960c3de159b,Margaret Houston,596.078.592-22
42748981-2a95-4e95-91cf-9844c8aa9c69,Martha Johnson,485.223.745-38
2a082be2-fc91-4d5a-accd-200e91693b07,Natalie Wilson,934.897.872-86
066ca82d-85b8-45e6-b262-bac0bb3c0e21,Traci Patel,868.041.006-26
e7297926-0c3c-47f0-a303-8e1ddfc0eb77,Richard Stone,268.183.511-81
2f162c0f-4d00-4d10-88ca-6dd2b94f24f5,Lee Hill,073.891.492-35
d7af9974-5b4c-4c70-85c5-1f7ff782da88,Thomas Burnett,029.292.664-21
a296a891-b126-44e1-a271-9228cc28b3bc,Gina Green,030.118.380-85
7c2a3f62-d757-4322-a213-921d7c370838,Kevin Evans,615.107.769-44
c0ec2b5c-22e2-4010-a8f9-94431d5860c7,Edwin Marquez,973.206.981-44
8e119f8a-036b-4da9-bbae-98ab4fb61e2f,Jeffrey White,518.669.263-10
834105ff-e792-4a6f-be6d-fb89b4d75d4a,Brett Santiago,268.766.286-95
120d57b9-de14-4717-aefe-ab126645435d,Mary Nicholson,534.846.678-69
26ebc43f-cfbf-4fa1-9c7f-9134871f7b65,Thomas Horne,131.874.604-80
2d4e6ed6-f081-4049-b92a-7792dbe97b89,Derek Hunter,252.755.200-86
73b79064-9e0d-4b3f-87d0-6ab33593b492,Douglas Burgess,347.103.649-88
4dba6ec7-4085-4058-9f0e-5109b846f1c1,Wyatt Hickman,887.169.962-62
abf52e51-d999-45fd-a6b0-6a9cd018fb47,Eddie Brown,309.558.574-77
eccb6e23-700f-4b9e-803e-9c681f12dd9e,Jeffrey Lopez,159.365.606-06
3d6f18db-a49c-4563-9445-68d4e02bd664,David Thompson,350.503.704-47
df8c3dd7-4bc5-4996-98e5-18e7ec0046e9,Samantha Humphrey,143.777.812-21
e8014144-a99b-4ca2-8418-56404aee2f08,Michael Flores,866.980.419-07
82205f5f-43a1-4172-aab8-523ed6a89f26,Shaun Berry,401.216.049-04
51e5a1ad-d8d2-4387-82fe-860a54c87f4b,Brittney Baird,154.270.655-59
d0c20886-5575-4356-8218-337197faa2fb,Chad Garcia,149.213.715-68
8f054a96-7920-42dc-b286-f6980ea8dbeb,Don Valencia,175.232.258-20
e4d6980c-4b68-4255-97a5-2540f5ef35bc,Kimberly Schneider,309.056.752-33
9f72b282-1f70-450b-988f-9b3029fa121e,Christina Hall,789.295.554-01
4c11a926-7100-4d06-8910-5b0d5f3d7e9a,Jaime Hester,912.687.862-39
099dd9b8-0a76-482f-92e1-f754d25d5aee,Krista Young,547.408.484-37
